{
  "system_info": {
    "operating_system": "Linux",
    "os_version": "#149~20.04.1-Ubuntu SMP Wed Apr 16 08:29:56 UTC 2025",
    "platform": "Linux-5.15.0-139-generic-x86_64-with-glibc2.29",
    "architecture": "64bit",
    "processor": "x86_64",
    "cpu_count": 8,
    "cpu_count_physical": 4,
    "total_memory_gb": 7.56,
    "available_memory_gb": 2.65,
    "python_version": "3.8.10",
    "pytorch_version": "2.3.0+cu121",
    "gpu_available": true,
    "gpu_count": 1,
    "current_gpu": 0,
    "gpu_name": "NVIDIA GeForce MX330",
    "gpu_memory_gb": 1.95,
    "cuda_version": "12.1",
    "nvidia_driver_version": "535.183.01"
  },
  "model_info": {
    "model_class": "SimpleMLP",
    "total_parameters": 36482,
    "trainable_parameters": 36482,
    "non_trainable_parameters": 0,
    "model_size_mb": 0.14,
    "parameter_dtype": "torch.float32",
    "device": "cuda:0"
  },
  "task_type": "IntersectionVolume",
  "device": "cuda",
  "model_precision": "float32",
  "n_evaluation_runs": 50,
  "dataset_reports": {
    "polyhedron_intersection/tetrahedron_pair_polyhedron_intersection_p16_s100k_uniform_volums_0-0.01.csv": {
      "intersection_volume_performance": {
        "overall_IntersectionVolume_metrics": {
          "mae": 0.0031896340660750866,
          "r2_score": -0.8397603875481165,
          "relative_mae": 0.6374472379684448,
          "smape": 99.480140209198,
          "kappa": 0.014410918373690795,
          "samples": 100000,
          "overall_bin_accuracy": 0.14983,
          "samples_in_binned_range": 100000
        },
        "interval_metrics": {
          "0.00000000-0.00111111": {
            "mae": 0.0006040469161234796,
            "mse": 1.0711189588619163e-06,
            "samples": 11130,
            "correct_bin_predictions": 9209,
            "bin_accuracy": 0.827403414195867
          },
          "0.00111111-0.00222222": {
            "mae": 0.0011868947185575962,
            "mse": 2.3079608126863604e-06,
            "samples": 11124,
            "correct_bin_predictions": 2226,
            "bin_accuracy": 0.2001078748651564
          },
          "0.00222222-0.00333333": {
            "mae": 0.001793178846128285,
            "mse": 4.1694261199154425e-06,
            "samples": 10972,
            "correct_bin_predictions": 1113,
            "bin_accuracy": 0.10144002916514765
          },
          "0.00333333-0.00444444": {
            "mae": 0.002454005414620042,
            "mse": 7.222825388453202e-06,
            "samples": 11119,
            "correct_bin_predictions": 747,
            "bin_accuracy": 0.06718230056659771
          },
          "0.00444444-0.00555556": {
            "mae": 0.0031181517988443375,
            "mse": 1.1461380381661002e-05,
            "samples": 11135,
            "correct_bin_predictions": 533,
            "bin_accuracy": 0.04786708576560395
          },
          "0.00555556-0.00666667": {
            "mae": 0.0037879361771047115,
            "mse": 1.6683914509485476e-05,
            "samples": 11138,
            "correct_bin_predictions": 431,
            "bin_accuracy": 0.03869635482133237
          },
          "0.00666667-0.00777778": {
            "mae": 0.004518874455243349,
            "mse": 2.3458975192625076e-05,
            "samples": 11121,
            "correct_bin_predictions": 308,
            "bin_accuracy": 0.027695351137487636
          },
          "0.00777778-0.00888889": {
            "mae": 0.00523934792727232,
            "mse": 3.122982889181003e-05,
            "samples": 11128,
            "correct_bin_predictions": 243,
            "bin_accuracy": 0.021836808051761324
          },
          "0.00888889-0.01000000": {
            "mae": 0.00598293449729681,
            "mse": 4.029937190352939e-05,
            "samples": 11133,
            "correct_bin_predictions": 173,
            "bin_accuracy": 0.015539387406808587
          }
        }
      },
      "point_wise_permutation_consistency": {
        "IntersectionVolume_consistency_rate": 1.0,
        "consistency_thresholds": {
          "rtol": 0.1,
          "atol": 0.0001
        },
        "mean_absolute_difference": 0.0,
        "total_samples": 100000
      },
      "tetrahedron_wise_permutation_consistency": {
        "IntersectionVolume_consistency_rate": 0.24428,
        "consistency_thresholds": {
          "rtol": 0.1,
          "atol": 0.0001
        },
        "mean_absolute_difference": 0.0009571848786436021,
        "total_samples": 100000
      },
      "inference_speed": {
        "device_info": {
          "device_type": "cuda",
          "cuda_device_name": "NVIDIA GeForce MX330",
          "cuda_driver_version": "12.1",
          "cuda_capability": [
            6,
            1
          ],
          "cuda_memory": "2.10 GB"
        },
        "repetitions": 50,
        "augmentation_time_seconds": 3.457069396972656e-05,
        "transformation_time_seconds": 0.0,
        "inference_time_seconds": 0.015482142696380615,
        "total_time_seconds": 0.015516713390350342,
        "avg_time_per_sample_seconds": 1.5516713390350342e-07,
        "samples_per_second": 6444663.730283812,
        "total_samples": 100000
      }
    },
    "point_intersection/tetrahedron_pair_point_intersection_p16_s100k.csv": {
      "intersection_volume_performance": {
        "overall_IntersectionVolume_metrics": {
          "mae": 4.29861102020368e-05,
          "r2_score": 0.0,
          "relative_mae": Infinity,
          "smape": 38.57361376285553,
          "kappa": 0.0,
          "samples": 100000,
          "overall_bin_accuracy": 0.99696,
          "samples_in_binned_range": 100000
        },
        "interval_metrics": {
          "0.00000000-0.00111111": {
            "mae": 4.29861102020368e-05,
            "mse": 2.5026116290405298e-08,
            "samples": 100000,
            "correct_bin_predictions": 99696,
            "bin_accuracy": 0.99696
          },
          "0.00111111-0.00222222": {
            "mae": null,
            "mse": null,
            "samples": 0,
            "correct_bin_predictions": 0,
            "bin_accuracy": null
          },
          "0.00222222-0.00333333": {
            "mae": null,
            "mse": null,
            "samples": 0,
            "correct_bin_predictions": 0,
            "bin_accuracy": null
          },
          "0.00333333-0.00444444": {
            "mae": null,
            "mse": null,
            "samples": 0,
            "correct_bin_predictions": 0,
            "bin_accuracy": null
          },
          "0.00444444-0.00555556": {
            "mae": null,
            "mse": null,
            "samples": 0,
            "correct_bin_predictions": 0,
            "bin_accuracy": null
          },
          "0.00555556-0.00666667": {
            "mae": null,
            "mse": null,
            "samples": 0,
            "correct_bin_predictions": 0,
            "bin_accuracy": null
          },
          "0.00666667-0.00777778": {
            "mae": null,
            "mse": null,
            "samples": 0,
            "correct_bin_predictions": 0,
            "bin_accuracy": null
          },
          "0.00777778-0.00888889": {
            "mae": null,
            "mse": null,
            "samples": 0,
            "correct_bin_predictions": 0,
            "bin_accuracy": null
          },
          "0.00888889-0.01000000": {
            "mae": null,
            "mse": null,
            "samples": 0,
            "correct_bin_predictions": 0,
            "bin_accuracy": null
          }
        }
      },
      "point_wise_permutation_consistency": {
        "IntersectionVolume_consistency_rate": 1.0,
        "consistency_thresholds": {
          "rtol": 0.1,
          "atol": 0.0001
        },
        "mean_absolute_difference": 0.0,
        "total_samples": 100000
      },
      "tetrahedron_wise_permutation_consistency": {
        "IntersectionVolume_consistency_rate": 0.85961,
        "consistency_thresholds": {
          "rtol": 0.1,