{
    "task_type": "regression",
    "model_parameters": {
        "total": 327,
        "trainable": 326,
        "non_trainable": 1
    },
    "dataset_reports": {
        "polyhedron_intersection/tetrahedron_pair_polyhedron_intersection_p16_s100k_uniform_volums_0-0.01.csv": {
            "regression_performance": {
                "0.000-0.002": {
                    "repetitions": 50,
                    "mae": 0.00100208621006459,
                    "mse": 1.3376478591453633e-06,
                    "samples": 20028
                },
                "0.002-0.004": {
                    "repetitions": 50,
                    "mae": 0.0030027227476239204,
                    "mse": 9.351891094411258e-06,
                    "samples": 19875
                },
                "0.004-0.006": {
                    "repetitions": 50,
                    "mae": 0.0050022536888718605,
                    "mse": 2.5355819161632098e-05,
                    "samples": 20028
                },
                "0.006-0.008": {
                    "repetitions": 50,
                    "mae": 0.0070015317760407925,
                    "mse": 4.9354875955032185e-05,
                    "samples": 20033
                },
                "0.008-0.010": {
                    "repetitions": 50,
                    "mae": 0.009001821279525757,
                    "mse": 8.136595715768635e-05,
                    "samples": 20036
                }
            },
            "point_wise_permutation_consistency": {
                "regression_consistency_rate": 0.99997,
                "consistency_thresholds": {
                    "rtol": 0.01,
                    "atol": 1e-08
                },
                "mean_absolute_difference": 2.3379731484141075e-10,
                "total_samples": 100000
            },
            "tetrahedron_wise_permutation_consistency": {
                "regression_consistency_rate": 0.99996,
                "consistency_thresholds": {
                    "rtol": 0.01,
                    "atol": 1e-08
                },
                "total_samples": 100000
            },
            "inference_speed": {
                "device_info": {
                    "device_type": "cuda:0",
                    "cuda_device_name": "NVIDIA GeForce RTX 3080",
                    "cuda_driver_version": "12.4",
                    "cuda_capability": [
                        8,
                        6
                    ],
                    "cuda_memory": "10.49 GB"
                },
                "repetitions": 50,
                "augmentation_time_seconds": 1.3113021850585938e-05,
                "transformation_time_seconds": 1.1920928955078125e-06,
                "inference_time_seconds": 0.0002325459188222885,
                "total_time_seconds": 0.00024685103356838226,
                "avg_time_per_sample_seconds": 2.4685103356838225e-09,
                "samples_per_second": 405102618.1840886
            }
        }
    }
}