{
    "task_type": "regression",
    "model_parameters": {
        "total": 116161,
        "trainable": 116161,
        "non_trainable": 0
    },
    "dataset_reports": {
        "polyhedron_intersection/tetrahedron_pair_polyhedron_intersection_p16_s100k_uniform_volums_0-0.01.csv": {
            "regression_performance": {
                "0.000-0.002": {
                    "repetitions": 50,
                    "mae": 0.001285303384065628,
                    "mse": 3.261621486672084e-06,
                    "samples": 20028
                },
                "0.002-0.004": {
                    "repetitions": 50,
                    "mae": 0.0013436285080388188,
                    "mse": 2.8474526061472716e-06,
                    "samples": 19875
                },
                "0.004-0.006": {
                    "repetitions": 50,
                    "mae": 0.0013391004176810384,
                    "mse": 2.771744220808614e-06,
                    "samples": 20028
                },
                "0.006-0.008": {
                    "repetitions": 50,
                    "mae": 0.00199028174392879,
                    "mse": 5.512251391337486e-06,
                    "samples": 20033
                },
                "0.008-0.010": {
                    "repetitions": 50,
                    "mae": 0.0032487078569829464,
                    "mse": 1.2391936252242886e-05,
                    "samples": 20036
                }
            },
            "point_wise_permutation_consistency": {
                "regression_consistency_rate": 0.02983,
                "consistency_thresholds": {
                    "rtol": 0.01,
                    "atol": 1e-08
                },
                "mean_absolute_difference": 0.0008784116362221539,
                "total_samples": 100000
            },
            "tetrahedron_wise_permutation_consistency": {
                "regression_consistency_rate": 0.02573,
                "consistency_thresholds": {
                    "rtol": 0.01,
                    "atol": 1e-08
                },
                "total_samples": 100000
            },
            "inference_speed": {
                "device_info": {
                    "device_type": "cuda:0",
                    "cuda_device_name": "NVIDIA GeForce RTX 3080",
                    "cuda_driver_version": "12.4",
                    "cuda_capability": [
                        8,
                        6
                    ],
                    "cuda_memory": "10.49 GB"
                },
                "repetitions": 50,
                "augmentation_time_seconds": 1.1682510375976562e-05,
                "transformation_time_seconds": 1.9073486328125e-06,
                "inference_time_seconds": 0.005351265287399292,
                "total_time_seconds": 0.005364855146408081,
                "avg_time_per_sample_seconds": 5.364855146408081e-08,
                "samples_per_second": 18639832.2547353
            }
        }
    }
}