{
    "task_type": "regression",
    "dataset_reports": {
        "polyhedron_intersection/tetrahedron_pair_polyhedron_intersection_p16_s100k_uniform_volums_0-0.01.csv": {
            "regression_performance": {
                "0.000-0.002": {
                    "repetitions": 10,
                    "mae": 0.0010687728645280004,
                    "mse": 1.475790782023978e-06,
                    "samples": 20028
                },
                "0.002-0.004": {
                    "repetitions": 10,
                    "mae": 0.0030693907756358385,
                    "mse": 9.75671810010681e-06,
                    "samples": 19875
                },
                "0.004-0.006": {
                    "repetitions": 10,
                    "mae": 0.005068961530923843,
                    "mse": 2.602766289783176e-05,
                    "samples": 20028
                },
                "0.006-0.008": {
                    "repetitions": 10,
                    "mae": 0.007068239152431488,
                    "mse": 5.0293376261834055e-05,
                    "samples": 20033
                },
                "0.008-0.010": {
                    "repetitions": 10,
                    "mae": 0.009068507701158524,
                    "mse": 8.25709939817898e-05,
                    "samples": 20036
                }
            },
            "point_wise_permutation_consistency": {
                "regression_consistency_rate": 0.28621,
                "consistency_thresholds": {
                    "rtol": 0.01,
                    "atol": 1e-08
                },
                "mean_absolute_difference": 1.9116314433631487e-06,
                "total_samples": 100000
            },
            "tetrahedron_wise_permutation_consistency": {
                "regression_consistency_rate": 0.26325,
                "consistency_thresholds": {
                    "rtol": 0.01,
                    "atol": 1e-08
                },
                "total_samples": 100000
            },
            "inference_speed": {
                "device_info": {
                    "device_type": "cuda:0",
                    "cuda_device_name": "NVIDIA GeForce RTX 3080",
                    "cuda_driver_version": "12.4",
                    "cuda_capability": [
                        8,
                        6
                    ],
                    "cuda_memory": "10.49 GB"
                },
                "repetitions": 50,
                "augmentation_time_seconds": 4.0678017139434814,
                "transformation_time_seconds": 5.7220458984375e-06,
                "inference_time_seconds": 0.0015849056124687196,
                "total_time_seconds": 4.069392341601849,
                "avg_time_per_sample_seconds": 4.069392341601849e-05,
                "samples_per_second": 24573.693467127494
            }
        }
    }
}