{
    "task_type": "regression",
    "model_parameters": {
        "total": 116161,
        "trainable": 116161,
        "non_trainable": 0
    },
    "dataset_reports": {
        "polyhedron_intersection/tetrahedron_pair_polyhedron_intersection_p16_s100k_uniform_volums_0-0.01.csv": {
            "regression_performance": {
                "0.000-0.002": {
                    "repetitions": 50,
                    "mae": 0.0015129075618460774,
                    "mse": 4.1073958527704235e-06,
                    "samples": 20028
                },
                "0.002-0.004": {
                    "repetitions": 50,
                    "mae": 0.001412361627444625,
                    "mse": 3.0220503504096996e-06,
                    "samples": 19875
                },
                "0.004-0.006": {
                    "repetitions": 50,
                    "mae": 0.001128337811678648,
                    "mse": 1.9662456907099113e-06,
                    "samples": 20028
                },
                "0.006-0.008": {
                    "repetitions": 50,
                    "mae": 0.0016617357032373548,
                    "mse": 4.027341219625669e-06,
                    "samples": 20033
                },
                "0.008-0.010": {
                    "repetitions": 50,
                    "mae": 0.0031370739452540874,
                    "mse": 1.083013466995908e-05,
                    "samples": 20036
                }
            },
            "point_wise_permutation_consistency": {
                "regression_consistency_rate": 0.07026,
                "consistency_thresholds": {
                    "rtol": 0.01,
                    "atol": 1e-08
                },
                "mean_absolute_difference": 0.0007214712677523494,
                "total_samples": 100000
            },
            "tetrahedron_wise_permutation_consistency": {
                "regression_consistency_rate": 0.06064,
                "consistency_thresholds": {
                    "rtol": 0.01,
                    "atol": 1e-08
                },
                "total_samples": 100000
            },
            "inference_speed": {
                "device_info": {
                    "device_type": "cuda:0",
                    "cuda_device_name": "NVIDIA GeForce RTX 3080",
                    "cuda_driver_version": "12.4",
                    "cuda_capability": [
                        8,
                        6
                    ],
                    "cuda_memory": "10.49 GB"
                },
                "repetitions": 50,
                "augmentation_time_seconds": 9.298324584960938e-06,
                "transformation_time_seconds": 2.384185791015625e-06,
                "inference_time_seconds": 0.005406405725479126,
                "total_time_seconds": 0.0054180882358551025,
                "avg_time_per_sample_seconds": 5.418088235855103e-08,
                "samples_per_second": 18456694.62121959
            }
        }
    }
}