{
    "task_type": "regression",
    "model_parameters": {
        "total": 407,
        "trainable": 407,
        "non_trainable": 0
    },
    "dataset_reports": {
        "polyhedron_intersection/tetrahedron_pair_polyhedron_intersection_p16_s100k_uniform_volums_0-0.01.csv": {
            "regression_performance": {
                "0.000-0.002": {
                    "repetitions": 50,
                    "mae": 0.0005283463397063315,
                    "mse": 3.905700225459441e-07,
                    "samples": 20028
                },
                "0.002-0.004": {
                    "repetitions": 50,
                    "mae": 0.002220749156549573,
                    "mse": 5.276505362417083e-06,
                    "samples": 19875
                },
                "0.004-0.006": {
                    "repetitions": 50,
                    "mae": 0.004220182541757822,
                    "mse": 1.8150425603380427e-05,
                    "samples": 20028
                },
                "0.006-0.008": {
                    "repetitions": 50,
                    "mae": 0.0062189470045268536,
                    "mse": 3.901590025634505e-05,
                    "samples": 20033
                },
                "0.008-0.010": {
                    "repetitions": 50,
                    "mae": 0.008218525908887386,
                    "mse": 6.788637256249785e-05,
                    "samples": 20036
                }
            },
            "point_wise_permutation_consistency": {
                "regression_consistency_rate": 0.06758,
                "consistency_thresholds": {
                    "rtol": 0.01,
                    "atol": 1e-08
                },
                "mean_absolute_difference": 8.226241334341466e-05,
                "total_samples": 100000
            },
            "tetrahedron_wise_permutation_consistency": {
                "regression_consistency_rate": 0.05817,
                "consistency_thresholds": {
                    "rtol": 0.01,
                    "atol": 1e-08
                },
                "total_samples": 100000
            },
            "inference_speed": {
                "device_info": {
                    "device_type": "cuda:0",
                    "cuda_device_name": "NVIDIA GeForce RTX 3080",
                    "cuda_driver_version": "12.4",
                    "cuda_capability": [
                        8,
                        6
                    ],
                    "cuda_memory": "10.49 GB"
                },
                "repetitions": 50,
                "augmentation_time_seconds": 1.0728836059570312e-05,
                "transformation_time_seconds": 2.6226043701171875e-06,
                "inference_time_seconds": 0.00022284799903631212,
                "total_time_seconds": 0.00023619943946599962,
                "avg_time_per_sample_seconds": 2.3619943946599964e-09,
                "samples_per_second": 423371030.1179389
            }
        }
    }
}