{
    "task_type": "regression",
    "model_parameters": {
        "total": 313,
        "trainable": 313,
        "non_trainable": 0
    },
    "dataset_reports": {
        "polyhedron_intersection/tetrahedron_pair_polyhedron_intersection_p16_s100k_uniform_volums_0-0.01.csv": {
            "regression_performance": {
                "0.000-0.002": {
                    "repetitions": 50,
                    "mae": 0.04389321804046631,
                    "mse": 0.002980762394145131,
                    "samples": 20028
                },
                "0.002-0.004": {
                    "repetitions": 50,
                    "mae": 0.044536445289850235,
                    "mse": 0.0030595967546105385,
                    "samples": 19875
                },
                "0.004-0.006": {
                    "repetitions": 50,
                    "mae": 0.04429332911968231,
                    "mse": 0.0030039185658097267,
                    "samples": 20028
                },
                "0.006-0.008": {
                    "repetitions": 50,
                    "mae": 0.04487655684351921,
                    "mse": 0.003091170685365796,
                    "samples": 20033
                },
                "0.008-0.010": {
                    "repetitions": 50,
                    "mae": 0.04499148204922676,
                    "mse": 0.0030793542973697186,
                    "samples": 20036
                }
            },
            "point_wise_permutation_consistency": {
                "regression_consistency_rate": 0.00593,
                "consistency_thresholds": {
                    "rtol": 0.01,
                    "atol": 1e-08
                },
                "mean_absolute_difference": 0.055251460522413254,
                "total_samples": 100000
            },
            "tetrahedron_wise_permutation_consistency": {
                "regression_consistency_rate": 0.0042,
                "consistency_thresholds": {
                    "rtol": 0.01,
                    "atol": 1e-08
                },
                "total_samples": 100000
            },
            "inference_speed": {
                "device_info": {
                    "device_type": "cuda:0",
                    "cuda_device_name": "NVIDIA GeForce RTX 3080",
                    "cuda_driver_version": "12.4",
                    "cuda_capability": [
                        8,
                        6
                    ],
                    "cuda_memory": "10.49 GB"
                },
                "repetitions": 50,
                "augmentation_time_seconds": 1.0967254638671875e-05,
                "transformation_time_seconds": 2.6226043701171875e-06,
                "inference_time_seconds": 0.00021334208101034163,
                "total_time_seconds": 0.0002269319400191307,
                "avg_time_per_sample_seconds": 2.269319400191307e-09,
                "samples_per_second": 440660754.9010944
            }
        }
    }
}