{
    "task_type": "regression",
    "model_parameters": {
        "total": 327,
        "trainable": 326,
        "non_trainable": 1
    },
    "dataset_reports": {
        "polyhedron_intersection/tetrahedron_pair_polyhedron_intersection_p16_s100k_uniform_volums_0-0.01.csv": {
            "regression_performance": {
                "0.000-0.002": {
                    "repetitions": 50,
                    "mae": 0.001000288175418973,
                    "mse": 1.3340476243683952e-06,
                    "samples": 20028
                },
                "0.002-0.004": {
                    "repetitions": 50,
                    "mae": 0.0030009248293936253,
                    "mse": 9.341097211290617e-06,
                    "samples": 19875
                },
                "0.004-0.006": {
                    "repetitions": 50,
                    "mae": 0.005000455770641565,
                    "mse": 2.5337832994409837e-05,
                    "samples": 20028
                },
                "0.006-0.008": {
                    "repetitions": 50,
                    "mae": 0.006999734323471785,
                    "mse": 4.932970477966592e-05,
                    "samples": 20033
                },
                "0.008-0.010": {
                    "repetitions": 50,
                    "mae": 0.0090000219643116,
                    "mse": 8.133357914630324e-05,
                    "samples": 20036
                }
            },
            "point_wise_permutation_consistency": {
                "regression_consistency_rate": 0.99991,
                "consistency_thresholds": {
                    "rtol": 0.01,
                    "atol": 1e-08
                },
                "mean_absolute_difference": 1.7437966001732086e-11,
                "total_samples": 100000
            },
            "tetrahedron_wise_permutation_consistency": {
                "regression_consistency_rate": 0.9999,
                "consistency_thresholds": {
                    "rtol": 0.01,
                    "atol": 1e-08
                },
                "total_samples": 100000
            },
            "inference_speed": {
                "device_info": {
                    "device_type": "cuda:0",
                    "cuda_device_name": "NVIDIA GeForce RTX 3080",
                    "cuda_driver_version": "12.4",
                    "cuda_capability": [
                        8,
                        6
                    ],
                    "cuda_memory": "10.49 GB"
                },
                "repetitions": 50,
                "augmentation_time_seconds": 1.0967254638671875e-05,
                "transformation_time_seconds": 2.6226043701171875e-06,
                "inference_time_seconds": 0.00023078079909086228,
                "total_time_seconds": 0.0002443706580996513,
                "avg_time_per_sample_seconds": 2.4437065809965133e-09,
                "samples_per_second": 409214431.7883747
            }
        }
    }
}