{
    "task_type": "regression",
    "dataset_reports": {
        "polyhedron_intersection/tetrahedron_pair_polyhedron_intersection_p16_s100k_uniform_volums_0-0.01.csv": {
            "regression_performance": {
                "0.000-0.002": {
                    "repetitions": 10,
                    "mae": 0.0013599551748484373,
                    "mse": 2.182949401685619e-06,
                    "samples": 20028
                },
                "0.002-0.004": {
                    "repetitions": 10,
                    "mae": 0.003360594157129526,
                    "mse": 1.1629140317381825e-05,
                    "samples": 19875
                },
                "0.004-0.006": {
                    "repetitions": 10,
                    "mae": 0.005360127426683903,
                    "mse": 2.9064234695397317e-05,
                    "samples": 20028
                },
                "0.006-0.008": {
                    "repetitions": 10,
                    "mae": 0.00735940458253026,
                    "mse": 5.449425952974707e-05,
                    "samples": 20033
                },
                "0.008-0.010": {
                    "repetitions": 10,
                    "mae": 0.009359697811305523,
                    "mse": 8.793710730969906e-05,
                    "samples": 20036
                }
            },
            "point_wise_permutation_consistency": {
                "regression_consistency_rate": 0.99934,
                "consistency_thresholds": {
                    "rtol": 0.01,
                    "atol": 1e-08
                },
                "mean_absolute_difference": 1.0441504549874026e-08,
                "total_samples": 100000
            },
            "tetrahedron_wise_permutation_consistency": {
                "regression_consistency_rate": 0.99922,
                "consistency_thresholds": {
                    "rtol": 0.01,
                    "atol": 1e-08
                },
                "total_samples": 100000
            },
            "inference_speed": {
                "device_info": {
                    "device_type": "cuda:0",
                    "cuda_device_name": "NVIDIA GeForce RTX 3080",
                    "cuda_driver_version": "12.4",
                    "cuda_capability": [
                        8,
                        6
                    ],
                    "cuda_memory": "10.49 GB"
                },
                "repetitions": 50,
                "augmentation_time_seconds": 7.346127033233643,
                "transformation_time_seconds": 5.245208740234375e-06,
                "inference_time_seconds": 0.001583708164691925,
                "total_time_seconds": 7.347715986607075,
                "avg_time_per_sample_seconds": 7.347715986607075e-05,
                "samples_per_second": 13609.671383906687
            }
        }
    }
}