{
    "task_type": "regression",
    "model_parameters": {
        "total": 380,
        "trainable": 380,
        "non_trainable": 0
    },
    "dataset_reports": {
        "polyhedron_intersection/tetrahedron_pair_polyhedron_intersection_p16_s100k_uniform_volums_0-0.01.csv": {
            "regression_performance": {
                "0.000-0.002": {
                    "repetitions": 50,
                    "mae": 0.0011495036305859685,
                    "mse": 1.6551266526221298e-06,
                    "samples": 20028
                },
                "0.002-0.004": {
                    "repetitions": 50,
                    "mae": 0.003150047268718481,
                    "mse": 1.0258344445901457e-05,
                    "samples": 19875
                },
                "0.004-0.006": {
                    "repetitions": 50,
                    "mae": 0.0051495786756277084,
                    "mse": 2.6851430448004976e-05,
                    "samples": 20028
                },
                "0.006-0.008": {
                    "repetitions": 50,
                    "mae": 0.007148828357458115,
                    "mse": 5.1439215894788504e-05,
                    "samples": 20033
                },
                "0.008-0.010": {
                    "repetitions": 50,
                    "mae": 0.009148899465799332,
                    "mse": 8.403634274145588e-05,
                    "samples": 20036
                }
            },
            "point_wise_permutation_consistency": {
                "regression_consistency_rate": 0.99993,
                "consistency_thresholds": {
                    "rtol": 0.01,
                    "atol": 1e-08
                },
                "mean_absolute_difference": 1.1833318325216169e-07,
                "total_samples": 100000
            },
            "tetrahedron_wise_permutation_consistency": {
                "regression_consistency_rate": 0.99992,
                "consistency_thresholds": {
                    "rtol": 0.01,
                    "atol": 1e-08
                },
                "total_samples": 100000
            },
            "inference_speed": {
                "device_info": {
                    "device_type": "cuda:0",
                    "cuda_device_name": "NVIDIA GeForce RTX 3080",
                    "cuda_driver_version": "12.4",
                    "cuda_capability": [
                        8,
                        6
                    ],
                    "cuda_memory": "10.49 GB"
                },
                "repetitions": 50,
                "augmentation_time_seconds": 7.867813110351562e-06,
                "transformation_time_seconds": 2.86102294921875e-06,
                "inference_time_seconds": 0.00021841920167207717,
                "total_time_seconds": 0.0002291480377316475,
                "avg_time_per_sample_seconds": 2.2914803773164748e-09,
                "samples_per_second": 436399111.2029892
            }
        }
    }
}