{
    "task_type": "regression",
    "model_parameters": {
        "total": 124097,
        "trainable": 124097,
        "non_trainable": 0
    },
    "dataset_reports": {
        "polyhedron_intersection/tetrahedron_pair_polyhedron_intersection_p16_s100k_uniform_volums_0-0.01.csv": {
            "regression_performance": {
                "0.000-0.002": {
                    "repetitions": 50,
                    "mae": 0.001092250575311482,
                    "mse": 2.1724590624216944e-06,
                    "samples": 20028
                },
                "0.002-0.004": {
                    "repetitions": 50,
                    "mae": 0.0012862752191722393,
                    "mse": 2.425333150313236e-06,
                    "samples": 19875
                },
                "0.004-0.006": {
                    "repetitions": 50,
                    "mae": 0.0023424909450113773,
                    "mse": 7.044706762826536e-06,
                    "samples": 20028
                },
                "0.006-0.008": {
                    "repetitions": 50,
                    "mae": 0.003945311531424522,
                    "mse": 1.7475118511356413e-05,
                    "samples": 20033
                },
                "0.008-0.010": {
                    "repetitions": 50,
                    "mae": 0.005678811110556126,
                    "mse": 3.4122556826332584e-05,
                    "samples": 20036
                }
            },
            "point_wise_permutation_consistency": {
                "regression_consistency_rate": 0.02115,
                "consistency_thresholds": {
                    "rtol": 0.01,
                    "atol": 1e-08
                },
                "mean_absolute_difference": 0.000843681744299829,
                "total_samples": 100000
            },
            "tetrahedron_wise_permutation_consistency": {
                "regression_consistency_rate": 0.01499,
                "consistency_thresholds": {
                    "rtol": 0.01,
                    "atol": 1e-08
                },
                "total_samples": 100000
            },
            "inference_speed": {
                "device_info": {
                    "device_type": "cuda:0",
                    "cuda_device_name": "NVIDIA GeForce RTX 3080",
                    "cuda_driver_version": "12.4",
                    "cuda_capability": [
                        8,
                        6
                    ],
                    "cuda_memory": "10.49 GB"
                },
                "repetitions": 50,
                "augmentation_time_seconds": 1.2874603271484375e-05,
                "transformation_time_seconds": 1.9073486328125e-06,
                "inference_time_seconds": 0.004069454069137573,
                "total_time_seconds": 0.00408423602104187,
                "avg_time_per_sample_seconds": 4.0842360210418705e-08,
                "samples_per_second": 24484383.244455703
            }
        }
    }
}