{
    "task_type": "regression",
    "model_parameters": {
        "total": 79105,
        "trainable": 79105,
        "non_trainable": 0
    },
    "dataset_reports": {
        "polyhedron_intersection/tetrahedron_pair_polyhedron_intersection_p16_s100k_uniform_volums_0-0.01.csv": {
            "regression_performance": {
                "0.000-0.002": {
                    "repetitions": 50,
                    "mae": 0.0016404982889071107,
                    "mse": 3.022140390385175e-06,
                    "samples": 20028
                },
                "0.002-0.004": {
                    "repetitions": 50,
                    "mae": 0.0005625123158097267,
                    "mse": 4.583133375035686e-07,
                    "samples": 19875
                },
                "0.004-0.006": {
                    "repetitions": 50,
                    "mae": 0.002340228296816349,
                    "mse": 5.811580649606185e-06,
                    "samples": 20028
                },
                "0.006-0.008": {
                    "repetitions": 50,
                    "mae": 0.004332775250077248,
                    "mse": 1.9107956177322194e-05,
                    "samples": 20033
                },
                "0.008-0.010": {
                    "repetitions": 50,
                    "mae": 0.006327458657324314,
                    "mse": 4.037184771732427e-05,
                    "samples": 20036
                }
            },
            "point_wise_permutation_consistency": {
                "regression_consistency_rate": 0.28086,
                "consistency_thresholds": {
                    "rtol": 0.01,
                    "atol": 1e-08
                },
                "mean_absolute_difference": 6.0022572142770514e-05,
                "total_samples": 100000
            },
            "tetrahedron_wise_permutation_consistency": {
                "regression_consistency_rate": 0.23448,
                "consistency_thresholds": {
                    "rtol": 0.01,
                    "atol": 1e-08
                },
                "total_samples": 100000
            },
            "inference_speed": {
                "device_info": {
                    "device_type": "cuda:0",
                    "cuda_device_name": "NVIDIA GeForce RTX 3080",
                    "cuda_driver_version": "12.4",
                    "cuda_capability": [
                        8,
                        6
                    ],
                    "cuda_memory": "10.49 GB"
                },
                "repetitions": 50,
                "augmentation_time_seconds": 9.775161743164062e-06,
                "transformation_time_seconds": 2.6226043701171875e-06,
                "inference_time_seconds": 0.003913046398162842,
                "total_time_seconds": 0.003925444164276123,
                "avg_time_per_sample_seconds": 3.925444164276123e-08,
                "samples_per_second": 25474824.202076156
            }
        }
    }
}