{
    "task_type": "regression",
    "model_parameters": {
        "total": 625,
        "trainable": 625,
        "non_trainable": 0
    },
    "dataset_reports": {
        "polyhedron_intersection/tetrahedron_pair_polyhedron_intersection_p16_s100k_uniform_volums_0-0.01.csv": {
            "regression_performance": {
                "0.000-0.002": {
                    "repetitions": 50,
                    "mae": 0.0016696256352588534,
                    "mse": 3.122243697362137e-06,
                    "samples": 20028
                },
                "0.002-0.004": {
                    "repetitions": 50,
                    "mae": 0.0005572636728174984,
                    "mse": 4.4595230974664446e-07,
                    "samples": 19875
                },
                "0.004-0.006": {
                    "repetitions": 50,
                    "mae": 0.0023304529022425413,
                    "mse": 5.7652891882753465e-06,
                    "samples": 20028
                },
                "0.006-0.008": {
                    "repetitions": 50,
                    "mae": 0.00432987604290247,
                    "mse": 1.908246849779971e-05,
                    "samples": 20033
                },
                "0.008-0.010": {
                    "repetitions": 50,
                    "mae": 0.006329870782792568,
                    "mse": 4.040188287035562e-05,
                    "samples": 20036
                }
            },
            "point_wise_permutation_consistency": {
                "regression_consistency_rate": 0.69271,
                "consistency_thresholds": {
                    "rtol": 0.01,
                    "atol": 1e-08
                },
                "mean_absolute_difference": 2.090142879751511e-05,
                "total_samples": 100000
            },
            "tetrahedron_wise_permutation_consistency": {
                "regression_consistency_rate": 0.66803,
                "consistency_thresholds": {
                    "rtol": 0.01,
                    "atol": 1e-08
                },
                "total_samples": 100000
            },
            "inference_speed": {
                "device_info": {
                    "device_type": "cuda:0",
                    "cuda_device_name": "NVIDIA GeForce RTX 3080",
                    "cuda_driver_version": "12.4",
                    "cuda_capability": [
                        8,
                        6
                    ],
                    "cuda_memory": "10.49 GB"
                },
                "repetitions": 50,
                "augmentation_time_seconds": 1.33514404296875e-05,
                "transformation_time_seconds": 4.0531158447265625e-06,
                "inference_time_seconds": 0.0005075846403837204,
                "total_time_seconds": 0.0005249891966581344,
                "avg_time_per_sample_seconds": 5.249891966581344e-09,
                "samples_per_second": 190480110.13666362
            }
        }
    }
}