{
    "task_type": "regression",
    "model_parameters": {
        "total": 20738,
        "trainable": 20738,
        "non_trainable": 0
    },
    "dataset_reports": {
        "polyhedron_intersection/tetrahedron_pair_polyhedron_intersection_p16_s100k_uniform_volums_0-0.01.csv": {
            "regression_performance": {
                "0.000-0.002": {
                    "repetitions": 50,
                    "mae": 0.0010615282226353884,
                    "mse": 1.460307430534158e-06,
                    "samples": 20028
                },
                "0.002-0.004": {
                    "repetitions": 50,
                    "mae": 0.003062156029045582,
                    "mse": 9.712396604300011e-06,
                    "samples": 19875
                },
                "0.004-0.006": {
                    "repetitions": 50,
                    "mae": 0.005061695817857981,
                    "mse": 2.5954046577680856e-05,
                    "samples": 20028
                },
                "0.006-0.008": {
                    "repetitions": 50,
                    "mae": 0.00706090871244669,
                    "mse": 5.018991214456037e-05,
                    "samples": 20033
                },
                "0.008-0.010": {
                    "repetitions": 50,
                    "mae": 0.009061372838914394,
                    "mse": 8.2441620179452e-05,
                    "samples": 20036
                }
            },
            "point_wise_permutation_consistency": {
                "regression_consistency_rate": 0.99516,
                "consistency_thresholds": {
                    "rtol": 0.01,
                    "atol": 1e-08
                },
                "mean_absolute_difference": 4.0640586007612e-07,
                "total_samples": 100000
            },
            "tetrahedron_wise_permutation_consistency": {
                "regression_consistency_rate": 0.99517,
                "consistency_thresholds": {
                    "rtol": 0.01,
                    "atol": 1e-08
                },
                "total_samples": 100000
            },
            "inference_speed": {
                "device_info": {
                    "device_type": "cuda:0",
                    "cuda_device_name": "NVIDIA GeForce RTX 3080",
                    "cuda_driver_version": "12.4",
                    "cuda_capability": [
                        8,
                        6
                    ],
                    "cuda_memory": "10.49 GB"
                },
                "repetitions": 50,
                "augmentation_time_seconds": 1.3589859008789062e-05,
                "transformation_time_seconds": 3.0994415283203125e-06,
                "inference_time_seconds": 0.002472831344604492,
                "total_time_seconds": 0.0024895206451416014,
                "avg_time_per_sample_seconds": 2.4895206451416013e-08,
                "samples_per_second": 40168375.46423002
            }
        }
    }
}