{
    "task_type": "regression",
    "model_parameters": {
        "total": 481,
        "trainable": 481,
        "non_trainable": 0
    },
    "dataset_reports": {
        "polyhedron_intersection/tetrahedron_pair_polyhedron_intersection_p16_s100k_uniform_volums_0-0.01.csv": {
            "regression_performance": {
                "0.000-0.002": {
                    "repetitions": 50,
                    "mae": 0.002257655607536435,
                    "mse": 6.422771093639312e-06,
                    "samples": 20028
                },
                "0.002-0.004": {
                    "repetitions": 50,
                    "mae": 0.001132024684920907,
                    "mse": 1.7718981553116464e-06,
                    "samples": 19875
                },
                "0.004-0.006": {
                    "repetitions": 50,
                    "mae": 0.0009789495961740613,
                    "mse": 1.5222349247778766e-06,
                    "samples": 20028
                },
                "0.006-0.008": {
                    "repetitions": 50,
                    "mae": 0.0027169997338205576,
                    "mse": 8.020718269108329e-06,
                    "samples": 20033
                },
                "0.008-0.010": {
                    "repetitions": 50,
                    "mae": 0.004620234481990337,
                    "mse": 2.1904434106545523e-05,
                    "samples": 20036
                }
            },
            "point_wise_permutation_consistency": {
                "error": "CUDA/Device or runtime error",
                "details": "shape '[100000, 4, 3]' is invalid for input of size 0"
            },
            "tetrahedron_wise_permutation_consistency": {
                "regression_consistency_rate": 1.0,
                "consistency_thresholds": {
                    "rtol": 0.01,
                    "atol": 1e-08
                },
                "total_samples": 100000
            },
            "inference_speed": {
                "device_info": {
                    "device_type": "cuda:0",
                    "cuda_device_name": "NVIDIA GeForce RTX 3080",
                    "cuda_driver_version": "12.4",
                    "cuda_capability": [
                        8,
                        6
                    ],
                    "cuda_memory": "10.49 GB"
                },
                "repetitions": 50,
                "augmentation_time_seconds": 8.58306884765625e-06,
                "transformation_time_seconds": 36.03589105606079,
                "inference_time_seconds": 0.0005032032072544098,
                "total_time_seconds": 36.03640284233689,
                "avg_time_per_sample_seconds": 0.0003603640284233689,
                "samples_per_second": 2774.9717539098083
            }
        }
    }
}