{
    "task_type": "regression",
    "model_parameters": {
        "total": 327,
        "trainable": 326,
        "non_trainable": 1
    },
    "dataset_reports": {
        "polyhedron_intersection/tetrahedron_pair_polyhedron_intersection_p16_s100k_uniform_volums_0-0.01.csv": {
            "regression_performance": {
                "0.000-0.002": {
                    "repetitions": 50,
                    "mae": 0.0006011335644870996,
                    "mse": 5.482022515934659e-07,
                    "samples": 20028
                },
                "0.002-0.004": {
                    "repetitions": 50,
                    "mae": 0.001658981665968895,
                    "mse": 3.168219336657785e-06,
                    "samples": 19875
                },
                "0.004-0.006": {
                    "repetitions": 50,
                    "mae": 0.0036624011117964983,
                    "mse": 1.3837009646522347e-05,
                    "samples": 20028
                },
                "0.006-0.008": {
                    "repetitions": 50,
                    "mae": 0.005659014917910099,
                    "mse": 3.2451953302370384e-05,
                    "samples": 20033
                },
                "0.008-0.010": {
                    "repetitions": 50,
                    "mae": 0.007658481132239103,
                    "mse": 5.9080804930999875e-05,
                    "samples": 20036
                }
            },
            "point_wise_permutation_consistency": {
                "regression_consistency_rate": 0.03634,
                "consistency_thresholds": {
                    "rtol": 0.01,
                    "atol": 1e-08
                },
                "mean_absolute_difference": 0.00025335513055324554,
                "total_samples": 100000
            },
            "tetrahedron_wise_permutation_consistency": {
                "regression_consistency_rate": 0.03671,
                "consistency_thresholds": {
                    "rtol": 0.01,
                    "atol": 1e-08
                },
                "total_samples": 100000
            },
            "inference_speed": {
                "device_info": {
                    "device_type": "cuda:0",
                    "cuda_device_name": "NVIDIA GeForce RTX 3080",
                    "cuda_driver_version": "12.4",
                    "cuda_capability": [
                        8,
                        6
                    ],
                    "cuda_memory": "10.49 GB"
                },
                "repetitions": 50,
                "augmentation_time_seconds": 9.298324584960938e-06,
                "transformation_time_seconds": 1.430511474609375e-06,
                "inference_time_seconds": 0.00023241983890533445,
                "total_time_seconds": 0.00024314867496490477,
                "avg_time_per_sample_seconds": 2.4314867496490476e-09,
                "samples_per_second": 411271005.3403896
            }
        }
    }
}