{
    "task_type": "regression",
    "model_parameters": {
        "total": 133409,
        "trainable": 133409,
        "non_trainable": 0
    },
    "dataset_reports": {
        "polyhedron_intersection/tetrahedron_pair_polyhedron_intersection_p16_s100k_uniform_volums_0-0.01.csv": {
            "regression_performance": {
                "0.000-0.002": {
                    "repetitions": 50,
                    "mae": 0.0017304966459050775,
                    "mse": 3.3244559745071456e-06,
                    "samples": 20028
                },
                "0.002-0.004": {
                    "repetitions": 50,
                    "mae": 0.0005345342797227204,
                    "mse": 4.012861154478742e-07,
                    "samples": 19875
                },
                "0.004-0.006": {
                    "repetitions": 50,
                    "mae": 0.00224605156108737,
                    "mse": 5.3787921387993265e-06,
                    "samples": 20028
                },
                "0.006-0.008": {
                    "repetitions": 50,
                    "mae": 0.00423722667619586,
                    "mse": 1.8288797946297564e-05,
                    "samples": 20033
                },
                "0.008-0.010": {
                    "repetitions": 50,
                    "mae": 0.006231183651834726,
                    "mse": 3.916150672012009e-05,
                    "samples": 20036
                }
            },
            "point_wise_permutation_consistency": {
                "regression_consistency_rate": 0.3667,
                "consistency_thresholds": {
                    "rtol": 0.01,
                    "atol": 1e-08
                },
                "mean_absolute_difference": 4.724575046566315e-05,
                "total_samples": 100000
            },
            "tetrahedron_wise_permutation_consistency": {
                "regression_consistency_rate": 0.33807,
                "consistency_thresholds": {
                    "rtol": 0.01,
                    "atol": 1e-08
                },
                "total_samples": 100000
            },
            "inference_speed": {
                "device_info": {
                    "device_type": "cuda:0",
                    "cuda_device_name": "NVIDIA GeForce RTX 3080",
                    "cuda_driver_version": "12.4",
                    "cuda_capability": [
                        8,
                        6
                    ],
                    "cuda_memory": "10.49 GB"
                },
                "repetitions": 50,
                "augmentation_time_seconds": 9.775161743164062e-06,
                "transformation_time_seconds": 3.814697265625e-06,
                "inference_time_seconds": 0.0046820127964019775,
                "total_time_seconds": 0.004695602655410767,
                "avg_time_per_sample_seconds": 4.695602655410767e-08,
                "samples_per_second": 21296520.881035257
            }
        }
    }
}