{
    "task_type": "regression",
    "dataset_reports": {
        "polyhedron_intersection/tetrahedron_pair_polyhedron_intersection_p16_s100k_uniform_volums_0-0.01.csv": {
            "regression_performance": {
                "0.000-0.002": {
                    "repetitions": 10,
                    "mae": 0.000794262217823416,
                    "mse": 9.218727541338012e-07,
                    "samples": 20028
                },
                "0.002-0.004": {
                    "repetitions": 10,
                    "mae": 0.0027677116449922323,
                    "mse": 7.995773557922803e-06,
                    "samples": 19875
                },
                "0.004-0.006": {
                    "repetitions": 10,
                    "mae": 0.004767247010022402,
                    "mse": 2.3059928935253993e-05,
                    "samples": 20028
                },
                "0.006-0.008": {
                    "repetitions": 10,
                    "mae": 0.00676652230322361,
                    "mse": 4.6119257604004815e-05,
                    "samples": 20033
                },
                "0.008-0.010": {
                    "repetitions": 10,
                    "mae": 0.008766811341047287,
                    "mse": 7.719013228779659e-05,
                    "samples": 20036
                }
            },
            "point_wise_permutation_consistency": {
                "regression_consistency_rate": 0.99938,
                "consistency_thresholds": {
                    "rtol": 0.01,
                    "atol": 1e-08
                },
                "mean_absolute_difference": 1.657324766313195e-08,
                "total_samples": 100000
            },
            "tetrahedron_wise_permutation_consistency": {
                "regression_consistency_rate": 0.99937,
                "consistency_thresholds": {
                    "rtol": 0.01,
                    "atol": 1e-08
                },
                "total_samples": 100000
            },
            "inference_speed": {
                "device_info": {
                    "device_type": "cuda:0",
                    "cuda_device_name": "NVIDIA GeForce RTX 3080",
                    "cuda_driver_version": "12.4",
                    "cuda_capability": [
                        8,
                        6
                    ],
                    "cuda_memory": "10.49 GB"
                },
                "repetitions": 50,
                "augmentation_time_seconds": 11.417201042175293,
                "transformation_time_seconds": 6.198883056640625e-06,
                "inference_time_seconds": 0.0015871558547019958,
                "total_time_seconds": 11.418794396913052,
                "avg_time_per_sample_seconds": 0.00011418794396913052,
                "samples_per_second": 8757.491949153049
            }
        }
    }
}