{
    "task_type": "regression",
    "model_parameters": {
        "total": 327,
        "trainable": 326,
        "non_trainable": 1
    },
    "dataset_reports": {
        "polyhedron_intersection/tetrahedron_pair_polyhedron_intersection_p16_s100k_uniform_volums_0-0.01.csv": {
            "regression_performance": {
                "0.000-0.002": {
                    "repetitions": 50,
                    "mae": 0.0010002643102779984,
                    "mse": 1.3339997622097144e-06,
                    "samples": 20028
                },
                "0.002-0.004": {
                    "repetitions": 50,
                    "mae": 0.003000900847837329,
                    "mse": 9.340953511127736e-06,
                    "samples": 19875
                },
                "0.004-0.006": {
                    "repetitions": 50,
                    "mae": 0.005000432021915913,
                    "mse": 2.533759288780857e-05,
                    "samples": 20028
                },
                "0.006-0.008": {
                    "repetitions": 50,
                    "mae": 0.006999710109084845,
                    "mse": 4.932936280965805e-05,
                    "samples": 20033
                },
                "0.008-0.010": {
                    "repetitions": 50,
                    "mae": 0.00899999774992466,
                    "mse": 8.133313531288877e-05,
                    "samples": 20036
                }
            },
            "point_wise_permutation_consistency": {
                "regression_consistency_rate": 0.99986,
                "consistency_thresholds": {
                    "rtol": 0.01,
                    "atol": 1e-08
                },
                "mean_absolute_difference": 3.4955564918309756e-12,
                "total_samples": 100000
            },
            "tetrahedron_wise_permutation_consistency": {
                "regression_consistency_rate": 0.99986,
                "consistency_thresholds": {
                    "rtol": 0.01,
                    "atol": 1e-08
                },
                "total_samples": 100000
            },
            "inference_speed": {
                "device_info": {
                    "device_type": "cuda:0",
                    "cuda_device_name": "NVIDIA GeForce RTX 3080",
                    "cuda_driver_version": "12.4",
                    "cuda_capability": [
                        8,
                        6
                    ],
                    "cuda_memory": "10.49 GB"
                },
                "repetitions": 50,
                "augmentation_time_seconds": 1.2636184692382812e-05,
                "transformation_time_seconds": 3.0994415283203125e-06,
                "inference_time_seconds": 0.00022567807823419572,
                "total_time_seconds": 0.00024141370445489885,
                "avg_time_per_sample_seconds": 2.4141370445489885e-09,
                "samples_per_second": 414226691.1722988
            }
        }
    }
}