{
    "task_type": "regression",
    "model_parameters": {
        "total": 138241,
        "trainable": 138241,
        "non_trainable": 0
    },
    "dataset_reports": {
        "polyhedron_intersection/tetrahedron_pair_polyhedron_intersection_p16_s100k_uniform_volums_0-0.01.csv": {
            "regression_performance": {
                "0.000-0.002": {
                    "repetitions": 50,
                    "mae": 1.3089468479156494,
                    "mse": 1.745357632637024,
                    "samples": 20028
                },
                "0.002-0.004": {
                    "repetitions": 50,
                    "mae": 1.3124797344207764,
                    "mse": 1.7539465427398682,
                    "samples": 19875
                },
                "0.004-0.006": {
                    "repetitions": 50,
                    "mae": 1.3142491579055786,
                    "mse": 1.7581942081451416,
                    "samples": 20028
                },
                "0.006-0.008": {
                    "repetitions": 50,
                    "mae": 1.3141064643859863,
                    "mse": 1.7578415870666504,
                    "samples": 20033
                },
                "0.008-0.010": {
                    "repetitions": 50,
                    "mae": 1.3170204162597656,
                    "mse": 1.7645517587661743,
                    "samples": 20036
                }
            },
            "point_wise_permutation_consistency": {
                "regression_consistency_rate": 0.07196,
                "consistency_thresholds": {
                    "rtol": 0.01,
                    "atol": 1e-08
                },
                "mean_absolute_difference": 0.1207597553730011,
                "total_samples": 100000
            },
            "tetrahedron_wise_permutation_consistency": {
                "regression_consistency_rate": 0.0691,
                "consistency_thresholds": {
                    "rtol": 0.01,
                    "atol": 1e-08
                },
                "total_samples": 100000
            },
            "inference_speed": {
                "device_info": {
                    "device_type": "cuda:0",
                    "cuda_device_name": "NVIDIA GeForce RTX 3080",
                    "cuda_driver_version": "12.4",
                    "cuda_capability": [
                        8,
                        6
                    ],
                    "cuda_memory": "10.49 GB"
                },
                "repetitions": 50,
                "augmentation_time_seconds": 8.821487426757812e-06,
                "transformation_time_seconds": 2.384185791015625e-06,
                "inference_time_seconds": 0.00444426305770874,
                "total_time_seconds": 0.0044554687309265135,
                "avg_time_per_sample_seconds": 4.4554687309265136e-08,
                "samples_per_second": 22444327.642987415
            }
        }
    }
}