{
    "task_type": "regression",
    "model_parameters": {
        "total": 31200,
        "trainable": 31200,
        "non_trainable": 0
    },
    "dataset_reports": {
        "polyhedron_intersection/tetrahedron_pair_polyhedron_intersection_p16_s100k_uniform_volums_0-0.01.csv": {
            "regression_performance": {
                "overall_metrics": {
                    "mae": 0.0018673596205189824,
                    "mse": 5.581801360676764e-06,
                    "samples": 100000,
                    "overall_bin_accuracy": 0.35689,
                    "samples_in_binned_range": 100000
                },
                "interval_metrics": {
                    "0.000-0.002": {
                        "mae": 0.001264447346329689,
                        "mse": 2.975329380205949e-06,
                        "samples": 20028,
                        "correct_bin_predictions": 11885,
                        "bin_accuracy": 0.5934192131016577
                    },
                    "0.002-0.004": {
                        "mae": 0.001383212162181735,
                        "mse": 2.998816626131884e-06,
                        "samples": 19875,
                        "correct_bin_predictions": 8518,
                        "bin_accuracy": 0.42857861635220124
                    },
                    "0.004-0.006": {
                        "mae": 0.001331664971075952,
                        "mse": 2.900615072576329e-06,
                        "samples": 20028,
                        "correct_bin_predictions": 9545,
                        "bin_accuracy": 0.47658278410225685
                    },
                    "0.006-0.008": {
                        "mae": 0.00202337559312582,
                        "mse": 5.822118509968277e-06,
                        "samples": 20033,
                        "correct_bin_predictions": 4815,
                        "bin_accuracy": 0.2403534168621774
                    },
                    "0.008-0.010": {
                        "mae": 0.0033297769259661436,
                        "mse": 1.3189297533244826e-05,
                        "samples": 20036,
                        "correct_bin_predictions": 926,
                        "bin_accuracy": 0.04621680974246357
                    }
                }
            },
            "point_wise_permutation_consistency": {
                "error": "CUDA/Device or runtime error",
                "details": "shape '[100000, 12]' is invalid for input of size 3600000"
            },
            "tetrahedron_wise_permutation_consistency": {
                "regression_consistency_rate": 0.00259,
                "consistency_thresholds": {
                    "rtol": 1e-05,
                    "atol": 1e-10
                },
                "mean_absolute_difference": 0.002917325356975198,
                "total_samples": 100000
            },
            "inference_speed": {
                "device_info": {
                    "device_type": "cuda:0",
                    "cuda_device_name": "NVIDIA GeForce MX330",
                    "cuda_driver_version": "12.1",
                    "cuda_capability": [
                        6,
                        1
                    ],
                    "cuda_memory": "2.10 GB"
                },
                "repetitions": 50,
                "augmentation_time_seconds": 9.5367431640625e-06,
                "transformation_time_seconds": 36.11736845970154,
                "inference_time_seconds": 0.19056941009521483,
                "total_time_seconds": 36.30794740653992,
                "avg_time_per_sample_seconds": 0.00036307947406539917,
                "samples_per_second": 2754.2179369244004
            }
        }
    }
}