{
    "task_type": "regression",
    "model_parameters": {
        "total": 75289,
        "trainable": 75289,
        "non_trainable": 0
    },
    "dataset_reports": {
        "polyhedron_intersection/tetrahedron_pair_polyhedron_intersection_p16_s100k_uniform_volums_0-0.01.csv": {
            "regression_performance": {
                "0.000-0.002": {
                    "repetitions": 50,
                    "mae": 0.0078136520460248,
                    "mse": 6.138661410659552e-05,
                    "samples": 20028
                },
                "0.002-0.004": {
                    "repetitions": 50,
                    "mae": 0.009814288467168808,
                    "mse": 9.665580000728369e-05,
                    "samples": 19875
                },
                "0.004-0.006": {
                    "repetitions": 50,
                    "mae": 0.011813819408416748,
                    "mse": 0.0001398995955241844,
                    "samples": 20028
                },
                "0.006-0.008": {
                    "repetitions": 50,
                    "mae": 0.013813097029924393,
                    "mse": 0.00019113508460577577,
                    "samples": 20033
                },
                "0.008-0.010": {
                    "repetitions": 50,
                    "mae": 0.01581338606774807,
                    "mse": 0.00025039631873369217,
                    "samples": 20036
                }
            },
            "point_wise_permutation_consistency": {
                "regression_consistency_rate": 0.99999,
                "consistency_thresholds": {
                    "rtol": 0.01,
                    "atol": 1e-08
                },
                "mean_absolute_difference": 1.4564348616019629e-09,
                "total_samples": 100000
            },
            "tetrahedron_wise_permutation_consistency": {
                "regression_consistency_rate": 1.0,
                "consistency_thresholds": {
                    "rtol": 0.01,
                    "atol": 1e-08
                },
                "total_samples": 100000
            },
            "inference_speed": {
                "device_info": {
                    "device_type": "cuda:0",
                    "cuda_device_name": "NVIDIA GeForce RTX 3080",
                    "cuda_driver_version": "12.4",
                    "cuda_capability": [
                        8,
                        6
                    ],
                    "cuda_memory": "10.49 GB"
                },
                "repetitions": 50,
                "augmentation_time_seconds": 1.049041748046875e-05,
                "transformation_time_seconds": 3.0994415283203125e-06,
                "inference_time_seconds": 0.0031208972406387325,
                "total_time_seconds": 0.0031344870996475216,
                "avg_time_per_sample_seconds": 3.1344870996475214e-08,
                "samples_per_second": 31903146.13553368
            }
        }
    }
}