{
    "task_type": "regression",
    "model_parameters": {
        "total": 2737,
        "trainable": 2737,
        "non_trainable": 0
    },
    "dataset_reports": {
        "polyhedron_intersection/tetrahedron_pair_polyhedron_intersection_p16_s100k_uniform_volums_0-0.01.csv": {
            "regression_performance": {
                "0.000-0.002": {
                    "repetitions": 50,
                    "mae": 0.0008870433084666729,
                    "mse": 1.856653398135677e-06,
                    "samples": 20028,
                    "correct_bin_predictions": 14062,
                    "bin_accuracy": 0.7021170361493907
                },
                "0.002-0.004": {
                    "repetitions": 50,
                    "mae": 0.0011377398623153567,
                    "mse": 2.1308603663783288e-06,
                    "samples": 19875,
                    "correct_bin_predictions": 9660,
                    "bin_accuracy": 0.4860377358490567
                },
                "0.004-0.006": {
                    "repetitions": 50,
                    "mae": 0.0009657909395173192,
                    "mse": 1.4931630403225427e-06,
                    "samples": 20028,
                    "correct_bin_predictions": 11859,
                    "bin_accuracy": 0.5921210305572199
                },
                "0.006-0.008": {
                    "repetitions": 50,
                    "mae": 0.0014580927090719342,
                    "mse": 3.0057535695959814e-06,
                    "samples": 20033,
                    "correct_bin_predictions": 7173,
                    "bin_accuracy": 0.35805920231617827
                },
                "0.008-0.010": {
                    "repetitions": 50,
                    "mae": 0.0026370908599346876,
                    "mse": 8.037874067667872e-06,
                    "samples": 20036,
                    "correct_bin_predictions": 916,
                    "bin_accuracy": 0.04571770812537432
                },
                "overall_bin_accuracy": 0.4367
            },
            "point_wise_permutation_consistency": {
                "regression_consistency_rate": 0.1392,
                "consistency_thresholds": {
                    "rtol": 0.01,
                    "atol": 1e-08
                },
                "mean_absolute_difference": 0.00020105918520130217,
                "total_samples": 100000
            },
            "tetrahedron_wise_permutation_consistency": {
                "regression_consistency_rate": 0.44368,
                "consistency_thresholds": {
                    "rtol": 0.01,
                    "atol": 1e-08
                },
                "mean_absolute_difference": 5.681927359546535e-05,
                "total_samples": 100000
            },
            "inference_speed": {
                "device_info": {
                    "device_type": "cuda:0",
                    "cuda_device_name": "NVIDIA GeForce MX330",
                    "cuda_driver_version": "12.1",
                    "cuda_capability": [
                        6,
                        1
                    ],
                    "cuda_memory": "2.10 GB"
                },
                "repetitions": 50,
                "augmentation_time_seconds": 8.58306884765625e-06,
                "transformation_time_seconds": 34.27566123008728,
                "inference_time_seconds": 0.058499912643432614,
                "total_time_seconds": 34.33416972579956,
                "avg_time_per_sample_seconds": 0.00034334169725799564,
                "samples_per_second": 2912.5504067412317
            }
        }
    }
}