{
    "task_type": "regression",
    "model_parameters": {
        "total": 3397,
        "trainable": 3397,
        "non_trainable": 0
    },
    "dataset_reports": {
        "polyhedron_intersection/tetrahedron_pair_polyhedron_intersection_p16_s100k_uniform_volums_0-0.01.csv": {
            "regression_performance": {
                "0.000-0.002": {
                    "repetitions": 50,
                    "mae": 0.0010629345197230577,
                    "mse": 2.6623745270626387e-06,
                    "samples": 20028,
                    "correct_bin_predictions": 12589,
                    "bin_accuracy": 0.6285700019972039
                },
                "0.002-0.004": {
                    "repetitions": 50,
                    "mae": 0.0014522154815495014,
                    "mse": 3.363328460181947e-06,
                    "samples": 19875,
                    "correct_bin_predictions": 7775,
                    "bin_accuracy": 0.3911949685534592
                },
                "0.004-0.006": {
                    "repetitions": 50,
                    "mae": 0.001126010320149362,
                    "mse": 1.975308123292052e-06,
                    "samples": 20028,
                    "correct_bin_predictions": 9938,
                    "bin_accuracy": 0.4962053125624126
                },
                "0.006-0.008": {
                    "repetitions": 50,
                    "mae": 0.0009346067090518773,
                    "mse": 1.4463489605986979e-06,
                    "samples": 20033,
                    "correct_bin_predictions": 12947,
                    "bin_accuracy": 0.6462836320071882
                },
                "0.008-0.010": {
                    "repetitions": 50,
                    "mae": 0.0018074293620884418,
                    "mse": 4.171101863903459e-06,
                    "samples": 20036,
                    "correct_bin_predictions": 3659,
                    "bin_accuracy": 0.1826212816929527
                },
                "overall_bin_accuracy": 0.46908
            },
            "point_wise_permutation_consistency": {
                "regression_consistency_rate": 0.1321,
                "consistency_thresholds": {
                    "rtol": 0.01,
                    "atol": 1e-08
                },
                "mean_absolute_difference": 0.00025807844940572977,
                "total_samples": 100000
            },
            "tetrahedron_wise_permutation_consistency": {
                "regression_consistency_rate": 0.23211,
                "consistency_thresholds": {
                    "rtol": 0.01,
                    "atol": 1e-08
                },
                "mean_absolute_difference": 0.00013544174726121128,
                "total_samples": 100000
            },
            "inference_speed": {
                "device_info": {
                    "device_type": "cuda:0",
                    "cuda_device_name": "NVIDIA GeForce MX330",
                    "cuda_driver_version": "12.1",
                    "cuda_capability": [
                        6,
                        1
                    ],
                    "cuda_memory": "2.10 GB"
                },
                "repetitions": 50,
                "augmentation_time_seconds": 9.5367431640625e-06,
                "transformation_time_seconds": 34.98137187957764,
                "inference_time_seconds": 0.056159866180419925,
                "total_time_seconds": 35.03754128250122,
                "avg_time_per_sample_seconds": 0.00035037541282501223,
                "samples_per_second": 2854.0815462397454
            }
        }
    }
}