{
    "task_type": "regression",
    "dataset_reports": {
        "polyhedron_intersection/tetrahedron_pair_polyhedron_intersection_p16_s100k_uniform_volums_0-0.01.csv": {
            "regression_performance": {
                "0.000-0.002": {
                    "repetitions": 50,
                    "mae": 0.0005199271254241467,
                    "mse": 3.732820914592594e-07,
                    "samples": 20028
                },
                "0.002-0.004": {
                    "repetitions": 50,
                    "mae": 0.002200163435190916,
                    "mse": 5.176266768103233e-06,
                    "samples": 19875
                },
                "0.004-0.006": {
                    "repetitions": 50,
                    "mae": 0.004199694376438856,
                    "mse": 1.7970707631320693e-05,
                    "samples": 20028
                },
                "0.006-0.008": {
                    "repetitions": 50,
                    "mae": 0.006198972929269075,
                    "mse": 3.876068876706995e-05,
                    "samples": 20033
                },
                "0.008-0.010": {
                    "repetitions": 50,
                    "mae": 0.008199261501431465,
                    "mse": 6.756106449756771e-05,
                    "samples": 20036
                }
            },
            "point_wise_permutation_consistency": {
                "regression_consistency_rate": 0.9999,
                "consistency_thresholds": {
                    "rtol": 0.01,
                    "atol": 1e-08
                },
                "mean_absolute_difference": 2.4404376297582075e-09,
                "total_samples": 100000
            },
            "tetrahedron_wise_permutation_consistency": {
                "regression_consistency_rate": 0.99999,
                "consistency_thresholds": {
                    "rtol": 0.01,
                    "atol": 1e-08
                },
                "total_samples": 100000
            },
            "inference_speed": {
                "device_info": {
                    "device_type": "cuda:0",
                    "cuda_device_name": "NVIDIA GeForce RTX 3080",
                    "cuda_driver_version": "12.4",
                    "cuda_capability": [
                        8,
                        6
                    ],
                    "cuda_memory": "10.49 GB"
                },
                "repetitions": 50,
                "augmentation_time_seconds": 64.4101333618164,
                "transformation_time_seconds": 6.4373016357421875e-06,
                "inference_time_seconds": 0.0015848704051971436,
                "total_time_seconds": 64.41172466952324,
                "avg_time_per_sample_seconds": 0.0006441172466952324,
                "samples_per_second": 1552.512380518753
            }
        }
    }
}