{
    "task_type": "regression",
    "model_parameters": {
        "total": 9048,
        "trainable": 9048,
        "non_trainable": 0
    },
    "dataset_reports": {
        "polyhedron_intersection/tetrahedron_pair_polyhedron_intersection_p16_s100k_uniform_volums_0-0.01.csv": {
            "regression_performance": {
                "overall_metrics": {
                    "mae": 0.0018707934068515897,
                    "mse": 5.44092199561419e-06,
                    "samples": 100000,
                    "overall_bin_accuracy": 0.34691,
                    "samples_in_binned_range": 100000
                },
                "interval_metrics": {
                    "0.000-0.002": {
                        "mae": 0.001478272140957415,
                        "mse": 3.915559318556916e-06,
                        "samples": 20028,
                        "correct_bin_predictions": 11093,
                        "bin_accuracy": 0.5538745755941682
                    },
                    "0.002-0.004": {
                        "mae": 0.0015727313002571464,
                        "mse": 3.5660968933370896e-06,
                        "samples": 19875,
                        "correct_bin_predictions": 6681,
                        "bin_accuracy": 0.3361509433962264
                    },
                    "0.004-0.006": {
                        "mae": 0.001232598558999598,
                        "mse": 2.597119873826159e-06,
                        "samples": 20028,
                        "correct_bin_predictions": 10674,
                        "bin_accuracy": 0.5329538645895746
                    },
                    "0.006-0.008": {
                        "mae": 0.0018182689091190696,
                        "mse": 4.89748617837904e-06,
                        "samples": 20033,
                        "correct_bin_predictions": 5837,
                        "bin_accuracy": 0.29136924075275794
                    },
                    "0.008-0.010": {
                        "mae": 0.003249281318858266,
                        "mse": 1.2211455214128364e-05,
                        "samples": 20036,
                        "correct_bin_predictions": 406,
                        "bin_accuracy": 0.020263525653823118
                    }
                }
            },
            "point_wise_permutation_consistency": {
                "error": "CUDA/Device or runtime error",
                "details": "shape '[100000, 12]' is invalid for input of size 3600000"
            },
            "tetrahedron_wise_permutation_consistency": {
                "regression_consistency_rate": 0.0,
                "consistency_thresholds": {
                    "rtol": 1e-05,
                    "atol": 1e-10
                },
                "mean_absolute_difference": 0.0031865129712969065,
                "total_samples": 100000
            },
            "inference_speed": {
                "device_info": {
                    "device_type": "cuda:0",
                    "cuda_device_name": "NVIDIA GeForce MX330",
                    "cuda_driver_version": "12.1",
                    "cuda_capability": [
                        6,
                        1
                    ],
                    "cuda_memory": "2.10 GB"
                },
                "repetitions": 50,
                "augmentation_time_seconds": 4.410743713378906e-05,
                "transformation_time_seconds": 38.511040925979614,
                "inference_time_seconds": 0.03610171585083007,
                "total_time_seconds": 38.54718674926758,
                "avg_time_per_sample_seconds": 0.0003854718674926758,
                "samples_per_second": 2594.2230402040964
            }
        }
    }
}