{
    "task_type": "regression",
    "dataset_reports": {
        "polyhedron_intersection/tetrahedron_pair_polyhedron_intersection_p16_s100k_uniform_volums_0-0.01.csv": {
            "regression_performance": {
                "0.000-0.002": {
                    "repetitions": 50,
                    "mae": 0.0009164914954453707,
                    "mse": 1.166360561910551e-06,
                    "samples": 20028
                },
                "0.002-0.004": {
                    "repetitions": 50,
                    "mae": 0.0029132640920579433,
                    "mse": 8.822654308460187e-06,
                    "samples": 19875
                },
                "0.004-0.006": {
                    "repetitions": 50,
                    "mae": 0.004912795033305883,
                    "mse": 2.4468830815749243e-05,
                    "samples": 20028
                },
                "0.006-0.008": {
                    "repetitions": 50,
                    "mae": 0.006912073586136103,
                    "mse": 4.811018516193144e-05,
                    "samples": 20033
                },
                "0.008-0.010": {
                    "repetitions": 50,
                    "mae": 0.008912360295653343,
                    "mse": 7.976333290571347e-05,
                    "samples": 20036
                }
            },
            "point_wise_permutation_consistency": {
                "regression_consistency_rate": 0.99991,
                "consistency_thresholds": {
                    "rtol": 0.01,
                    "atol": 1e-08
                },
                "mean_absolute_difference": 1.4410934667807851e-08,
                "total_samples": 100000
            },
            "tetrahedron_wise_permutation_consistency": {
                "regression_consistency_rate": 0.99992,
                "consistency_thresholds": {
                    "rtol": 0.01,
                    "atol": 1e-08
                },
                "total_samples": 100000
            },
            "inference_speed": {
                "device_info": {
                    "device_type": "cuda:0",
                    "cuda_device_name": "NVIDIA GeForce RTX 3080",
                    "cuda_driver_version": "12.4",
                    "cuda_capability": [
                        8,
                        6
                    ],
                    "cuda_memory": "10.49 GB"
                },
                "repetitions": 50,
                "augmentation_time_seconds": 8.821487426757812e-06,
                "transformation_time_seconds": 2.6226043701171875e-06,
                "inference_time_seconds": 0.00030010944098234174,
                "total_time_seconds": 0.00031155353277921674,
                "avg_time_per_sample_seconds": 3.1155353277921675e-09,
                "samples_per_second": 320972126.70949
            }
        }
    }
}