{
    "task_type": "regression",
    "model_parameters": {
        "total": 133409,
        "trainable": 133409,
        "non_trainable": 0
    },
    "dataset_reports": {
        "polyhedron_intersection/tetrahedron_pair_polyhedron_intersection_p16_s100k_uniform_volums_0-0.01.csv": {
            "regression_performance": {
                "0.000-0.002": {
                    "repetitions": 50,
                    "mae": 0.0016391726676374674,
                    "mse": 3.0169512683642097e-06,
                    "samples": 20028
                },
                "0.002-0.004": {
                    "repetitions": 50,
                    "mae": 0.0005622918833978474,
                    "mse": 4.5775172452522384e-07,
                    "samples": 19875
                },
                "0.004-0.006": {
                    "repetitions": 50,
                    "mae": 0.0023390892893075943,
                    "mse": 5.8055907175003085e-06,
                    "samples": 20028
                },
                "0.006-0.008": {
                    "repetitions": 50,
                    "mae": 0.004330901429057121,
                    "mse": 1.9090924979536794e-05,
                    "samples": 20033
                },
                "0.008-0.010": {
                    "repetitions": 50,
                    "mae": 0.00632483558729291,
                    "mse": 4.0337745303986594e-05,
                    "samples": 20036
                }
            },
            "point_wise_permutation_consistency": {
                "regression_consistency_rate": 0.32132,
                "consistency_thresholds": {
                    "rtol": 0.01,
                    "atol": 1e-08
                },
                "mean_absolute_difference": 5.173550016479567e-05,
                "total_samples": 100000
            },
            "tetrahedron_wise_permutation_consistency": {
                "regression_consistency_rate": 0.25885,
                "consistency_thresholds": {
                    "rtol": 0.01,
                    "atol": 1e-08
                },
                "total_samples": 100000
            },
            "inference_speed": {
                "device_info": {
                    "device_type": "cuda:0",
                    "cuda_device_name": "NVIDIA GeForce RTX 3080",
                    "cuda_driver_version": "12.4",
                    "cuda_capability": [
                        8,
                        6
                    ],
                    "cuda_memory": "10.49 GB"
                },
                "repetitions": 50,
                "augmentation_time_seconds": 1.3589859008789062e-05,
                "transformation_time_seconds": 4.291534423828125e-06,
                "inference_time_seconds": 0.0046713221836090085,
                "total_time_seconds": 0.004689203577041626,
                "avg_time_per_sample_seconds": 4.689203577041626e-08,
                "samples_per_second": 21325582.981639083
            }
        }
    }
}