{
    "task_type": "regression",
    "dataset_reports": {
        "polyhedron_intersection/tetrahedron_pair_polyhedron_intersection_p16_s100k_uniform_volums_0-0.01.csv": {
            "regression_performance": {
                "0.000-0.002": {
                    "repetitions": 50,
                    "mae": 0.0012313822517171502,
                    "mse": 1.8499442830943735e-06,
                    "samples": 20028
                },
                "0.002-0.004": {
                    "repetitions": 50,
                    "mae": 0.0032320867758244276,
                    "mse": 1.0781977834994905e-05,
                    "samples": 19875
                },
                "0.004-0.006": {
                    "repetitions": 50,
                    "mae": 0.005231700837612152,
                    "mse": 2.7703943487722427e-05,
                    "samples": 20028
                },
                "0.006-0.008": {
                    "repetitions": 50,
                    "mae": 0.007231030147522688,
                    "mse": 5.262135891825892e-05,
                    "samples": 20033
                },
                "0.008-0.010": {
                    "repetitions": 50,
                    "mae": 0.009231360629200935,
                    "mse": 8.555128442822024e-05,
                    "samples": 20036
                }
            },
            "point_wise_permutation_consistency": {
                "regression_consistency_rate": 0.85568,
                "consistency_thresholds": {
                    "rtol": 0.01,
                    "atol": 1e-08
                },
                "mean_absolute_difference": 2.74905778496759e-06,
                "total_samples": 100000
            },
            "tetrahedron_wise_permutation_consistency": {
                "regression_consistency_rate": 0.85567,
                "consistency_thresholds": {
                    "rtol": 0.01,
                    "atol": 1e-08
                },
                "total_samples": 100000
            },
            "inference_speed": {
                "device_info": {
                    "device_type": "cuda:0",
                    "cuda_device_name": "NVIDIA GeForce RTX 3080",
                    "cuda_driver_version": "12.4",
                    "cuda_capability": [
                        8,
                        6
                    ],
                    "cuda_memory": "10.49 GB"
                },
                "repetitions": 50,
                "augmentation_time_seconds": 1.2636184692382812e-05,
                "transformation_time_seconds": 2.86102294921875e-06,
                "inference_time_seconds": 0.0005178342437744141,
                "total_time_seconds": 0.0005333314514160156,
                "avg_time_per_sample_seconds": 5.3333145141601565e-09,
                "samples_per_second": 187500661.61389157
            }
        }
    }
}