{
    "task_type": "regression",
    "model_parameters": {
        "total": 41474,
        "trainable": 41474,
        "non_trainable": 0
    },
    "dataset_reports": {
        "polyhedron_intersection/tetrahedron_pair_polyhedron_intersection_p16_s100k_uniform_volums_0-0.01.csv": {
            "regression_performance": {
                "0.000-0.002": {
                    "repetitions": 50,
                    "mae": 0.000906757137272507,
                    "mse": 1.1469492164906114e-06,
                    "samples": 20028
                },
                "0.002-0.004": {
                    "repetitions": 50,
                    "mae": 0.0029021664522588253,
                    "mse": 8.758549483900424e-06,
                    "samples": 19875
                },
                "0.004-0.006": {
                    "repetitions": 50,
                    "mae": 0.0049018277786672115,
                    "mse": 2.436151225992944e-05,
                    "samples": 20028
                },
                "0.006-0.008": {
                    "repetitions": 50,
                    "mae": 0.006901117041707039,
                    "mse": 4.796021312358789e-05,
                    "samples": 20033
                },
                "0.008-0.010": {
                    "repetitions": 50,
                    "mae": 0.00890120305120945,
                    "mse": 7.956512126838788e-05,
                    "samples": 20036
                }
            },
            "point_wise_permutation_consistency": {
                "regression_consistency_rate": 0.98844,
                "consistency_thresholds": {
                    "rtol": 0.01,
                    "atol": 1e-08
                },
                "mean_absolute_difference": 1.3915730505686952e-06,
                "total_samples": 100000
            },
            "tetrahedron_wise_permutation_consistency": {
                "regression_consistency_rate": 0.98826,
                "consistency_thresholds": {
                    "rtol": 0.01,
                    "atol": 1e-08
                },
                "total_samples": 100000
            },
            "inference_speed": {
                "device_info": {
                    "device_type": "cuda:0",
                    "cuda_device_name": "NVIDIA GeForce RTX 3080",
                    "cuda_driver_version": "12.4",
                    "cuda_capability": [
                        8,
                        6
                    ],
                    "cuda_memory": "10.49 GB"
                },
                "repetitions": 50,
                "augmentation_time_seconds": 1.2874603271484375e-05,
                "transformation_time_seconds": 2.86102294921875e-06,
                "inference_time_seconds": 0.0039227693128585815,
                "total_time_seconds": 0.003938504939079285,
                "avg_time_per_sample_seconds": 3.938504939079285e-08,
                "samples_per_second": 25390345.206315085
            }
        }
    }
}