{
    "task_type": "regression",
    "model_parameters": {
        "total": 481,
        "trainable": 481,
        "non_trainable": 0
    },
    "dataset_reports": {
        "polyhedron_intersection/tetrahedron_pair_polyhedron_intersection_p16_s100k_uniform_volums_0-0.01.csv": {
            "regression_performance": {
                "0.000-0.002": {
                    "repetitions": 50,
                    "mae": 0.00213542184792459,
                    "mse": 6.324946753011318e-06,
                    "samples": 20028
                },
                "0.002-0.004": {
                    "repetitions": 50,
                    "mae": 0.0013016925659030676,
                    "mse": 2.3189168132375926e-06,
                    "samples": 19875
                },
                "0.004-0.006": {
                    "repetitions": 50,
                    "mae": 0.0009867495391517878,
                    "mse": 1.6478596762681263e-06,
                    "samples": 20028
                },
                "0.006-0.008": {
                    "repetitions": 50,
                    "mae": 0.0025280669797211885,
                    "mse": 7.280825229827315e-06,
                    "samples": 20033
                },
                "0.008-0.010": {
                    "repetitions": 50,
                    "mae": 0.004381840582937002,
                    "mse": 1.9957771655754186e-05,
                    "samples": 20036
                }
            },
            "point_wise_permutation_consistency": {
                "error": "CUDA/Device or runtime error",
                "details": "shape '[100000, 4, 3]' is invalid for input of size 0"
            },
            "tetrahedron_wise_permutation_consistency": {
                "regression_consistency_rate": 1.0,
                "consistency_thresholds": {
                    "rtol": 0.01,
                    "atol": 1e-08
                },
                "total_samples": 100000
            },
            "inference_speed": {
                "device_info": {
                    "device_type": "cuda:0",
                    "cuda_device_name": "NVIDIA GeForce RTX 3080",
                    "cuda_driver_version": "12.4",
                    "cuda_capability": [
                        8,
                        6
                    ],
                    "cuda_memory": "10.49 GB"
                },
                "repetitions": 50,
                "augmentation_time_seconds": 1.33514404296875e-05,
                "transformation_time_seconds": 35.26745796203613,
                "inference_time_seconds": 0.0005029043209552764,
                "total_time_seconds": 35.267974217797516,
                "avg_time_per_sample_seconds": 0.00035267974217797517,
                "samples_per_second": 2835.433625488371
            }
        }
    }
}