{
    "task_type": "regression",
    "model_parameters": {
        "total": 3397,
        "trainable": 3397,
        "non_trainable": 0
    },
    "dataset_reports": {
        "polyhedron_intersection/tetrahedron_pair_polyhedron_intersection_p16_s100k_uniform_volums_0-0.01.csv": {
            "regression_performance": {
                "0.000-0.002": {
                    "repetitions": 50,
                    "mae": 0.0008666423382237554,
                    "mse": 1.7450681752961827e-06,
                    "samples": 20028,
                    "correct_bin_predictions": 13898,
                    "bin_accuracy": 0.6939285000998601
                },
                "0.002-0.004": {
                    "repetitions": 50,
                    "mae": 0.001068075536750257,
                    "mse": 1.8852532548407908e-06,
                    "samples": 19875,
                    "correct_bin_predictions": 10236,
                    "bin_accuracy": 0.5150188679245283
                },
                "0.004-0.006": {
                    "repetitions": 50,
                    "mae": 0.0009186127572320402,
                    "mse": 1.338085326096916e-06,
                    "samples": 20028,
                    "correct_bin_predictions": 12374,
                    "bin_accuracy": 0.6178350309566608
                },
                "0.006-0.008": {
                    "repetitions": 50,
                    "mae": 0.0014500276884064078,
                    "mse": 2.909864178946009e-06,
                    "samples": 20033,
                    "correct_bin_predictions": 7034,
                    "bin_accuracy": 0.3511206509259721
                },
                "0.008-0.010": {
                    "repetitions": 50,
                    "mae": 0.002714813221246004,
                    "mse": 8.26443010737421e-06,
                    "samples": 20036,
                    "correct_bin_predictions": 435,
                    "bin_accuracy": 0.021710920343381908
                },
                "overall_bin_accuracy": 0.43977
            },
            "point_wise_permutation_consistency": {
                "regression_consistency_rate": 0.12634,
                "consistency_thresholds": {
                    "rtol": 0.01,
                    "atol": 1e-08
                },
                "mean_absolute_difference": 0.0002260478213429451,
                "total_samples": 100000
            },
            "tetrahedron_wise_permutation_consistency": {
                "regression_consistency_rate": 0.11011,
                "consistency_thresholds": {
                    "rtol": 0.01,
                    "atol": 1e-08
                },
                "mean_absolute_difference": 0.0003427521151024848,
                "total_samples": 100000
            },
            "inference_speed": {
                "device_info": {
                    "device_type": "cuda:0",
                    "cuda_device_name": "NVIDIA GeForce MX330",
                    "cuda_driver_version": "12.1",
                    "cuda_capability": [
                        6,
                        1
                    ],
                    "cuda_memory": "2.10 GB"
                },
                "repetitions": 50,
                "augmentation_time_seconds": 1.8358230590820312e-05,
                "transformation_time_seconds": 38.300124406814575,
                "inference_time_seconds": 0.05601062889099121,
                "total_time_seconds": 38.356153393936154,
                "avg_time_per_sample_seconds": 0.00038356153393936157,
                "samples_per_second": 2607.1436041292222
            }
        }
    }
}