{
    "task_type": "regression",
    "model_parameters": {
        "total": 138241,
        "trainable": 138241,
        "non_trainable": 0
    },
    "dataset_reports": {
        "polyhedron_intersection/tetrahedron_pair_polyhedron_intersection_p16_s100k_uniform_volums_0-0.01.csv": {
            "regression_performance": {
                "0.000-0.002": {
                    "repetitions": 50,
                    "mae": 9.618735313415527,
                    "mse": 93.78646087646484,
                    "samples": 20028
                },
                "0.002-0.004": {
                    "repetitions": 50,
                    "mae": 9.637484550476074,
                    "mse": 94.10069274902344,
                    "samples": 19875
                },
                "0.004-0.006": {
                    "repetitions": 50,
                    "mae": 9.627641677856445,
                    "mse": 93.86544799804688,
                    "samples": 20028
                },
                "0.006-0.008": {
                    "repetitions": 50,
                    "mae": 9.630871772766113,
                    "mse": 93.90643310546875,
                    "samples": 20033
                },
                "0.008-0.010": {
                    "repetitions": 50,
                    "mae": 9.64504337310791,
                    "mse": 94.1400146484375,
                    "samples": 20036
                }
            },
            "point_wise_permutation_consistency": {
                "regression_consistency_rate": 0.12803,
                "consistency_thresholds": {
                    "rtol": 0.01,
                    "atol": 1e-08
                },
                "mean_absolute_difference": 0.49319764971733093,
                "total_samples": 100000
            },
            "tetrahedron_wise_permutation_consistency": {
                "regression_consistency_rate": 0.11646,
                "consistency_thresholds": {
                    "rtol": 0.01,
                    "atol": 1e-08
                },
                "total_samples": 100000
            },
            "inference_speed": {
                "device_info": {
                    "device_type": "cuda:0",
                    "cuda_device_name": "NVIDIA GeForce RTX 3080",
                    "cuda_driver_version": "12.4",
                    "cuda_capability": [
                        8,
                        6
                    ],
                    "cuda_memory": "10.49 GB"
                },
                "repetitions": 50,
                "augmentation_time_seconds": 9.059906005859375e-06,
                "transformation_time_seconds": 4.0531158447265625e-06,
                "inference_time_seconds": 0.0045231565093994145,
                "total_time_seconds": 0.0045362695312500005,
                "avg_time_per_sample_seconds": 4.536269531250001e-08,
                "samples_per_second": 22044545.48194457
            }
        }
    }
}