{
    "task_type": "regression",
    "model_parameters": {
        "total": 116161,
        "trainable": 116161,
        "non_trainable": 0
    },
    "dataset_reports": {
        "polyhedron_intersection/tetrahedron_pair_polyhedron_intersection_p16_s100k_uniform_volums_0-0.01.csv": {
            "regression_performance": {
                "0.000-0.002": {
                    "repetitions": 50,
                    "mae": 0.002152406144887209,
                    "mse": 4.967154836776899e-06,
                    "samples": 20028
                },
                "0.002-0.004": {
                    "repetitions": 50,
                    "mae": 0.0005341309006325901,
                    "mse": 4.065131520292198e-07,
                    "samples": 19875
                },
                "0.004-0.006": {
                    "repetitions": 50,
                    "mae": 0.001730700838379562,
                    "mse": 3.350465249241097e-06,
                    "samples": 20028
                },
                "0.006-0.008": {
                    "repetitions": 50,
                    "mae": 0.003697737818583846,
                    "mse": 1.4030202692083549e-05,
                    "samples": 20033
                },
                "0.008-0.010": {
                    "repetitions": 50,
                    "mae": 0.005668762139976025,
                    "mse": 3.2491032470716164e-05,
                    "samples": 20036
                }
            },
            "point_wise_permutation_consistency": {
                "regression_consistency_rate": 0.15928,
                "consistency_thresholds": {
                    "rtol": 0.01,
                    "atol": 1e-08
                },
                "mean_absolute_difference": 0.00013254380610305816,
                "total_samples": 100000
            },
            "tetrahedron_wise_permutation_consistency": {
                "regression_consistency_rate": 0.15775,
                "consistency_thresholds": {
                    "rtol": 0.01,
                    "atol": 1e-08
                },
                "total_samples": 100000
            },
            "inference_speed": {
                "device_info": {
                    "device_type": "cuda:0",
                    "cuda_device_name": "NVIDIA GeForce RTX 3080",
                    "cuda_driver_version": "12.4",
                    "cuda_capability": [
                        8,
                        6
                    ],
                    "cuda_memory": "10.49 GB"
                },
                "repetitions": 50,
                "augmentation_time_seconds": 1.1920928955078125e-05,
                "transformation_time_seconds": 1.9073486328125e-06,
                "inference_time_seconds": 0.005404246377944946,
                "total_time_seconds": 0.0054180746555328365,
                "avg_time_per_sample_seconds": 5.4180746555328365e-08,
                "samples_per_second": 18456740.88264581
            }
        }
    }
}