{
    "task_type": "regression",
    "dataset_reports": {
        "polyhedron_intersection/tetrahedron_pair_polyhedron_intersection_p16_s100k_uniform_volums_0-0.01.csv": {
            "regression_performance": {
                "0.000-0.002": {
                    "repetitions": 10,
                    "mae": 0.0009463042370043695,
                    "mse": 1.2260029507160652e-06,
                    "samples": 20028
                },
                "0.002-0.004": {
                    "repetitions": 10,
                    "mae": 0.0029453744646161795,
                    "mse": 9.01077964954311e-06,
                    "samples": 19875
                },
                "0.004-0.006": {
                    "repetitions": 10,
                    "mae": 0.0049449061043560505,
                    "mse": 2.4785371351754293e-05,
                    "samples": 20028
                },
                "0.006-0.008": {
                    "repetitions": 10,
                    "mae": 0.00694418465718627,
                    "mse": 4.8555124521953985e-05,
                    "samples": 20033
                },
                "0.008-0.010": {
                    "repetitions": 10,
                    "mae": 0.00894447322934866,
                    "mse": 8.033676567720249e-05,
                    "samples": 20036
                }
            },
            "point_wise_permutation_consistency": {
                "regression_consistency_rate": 0.99929,
                "consistency_thresholds": {
                    "rtol": 0.01,
                    "atol": 1e-08
                },
                "mean_absolute_difference": 3.0885636270738814e-09,
                "total_samples": 100000
            },
            "tetrahedron_wise_permutation_consistency": {
                "regression_consistency_rate": 0.99939,
                "consistency_thresholds": {
                    "rtol": 0.01,
                    "atol": 1e-08
                },
                "total_samples": 100000
            },
            "inference_speed": {
                "device_info": {
                    "device_type": "cuda:0",
                    "cuda_device_name": "NVIDIA GeForce RTX 3080",
                    "cuda_driver_version": "12.4",
                    "cuda_capability": [
                        8,
                        6
                    ],
                    "cuda_memory": "10.49 GB"
                },
                "repetitions": 50,
                "augmentation_time_seconds": 0.019754886627197266,
                "transformation_time_seconds": 5.4836273193359375e-06,
                "inference_time_seconds": 0.0015844672083854675,
                "total_time_seconds": 0.02134483746290207,
                "avg_time_per_sample_seconds": 2.134483746290207e-07,
                "samples_per_second": 4684973.599532103
            }
        }
    }
}